val_loss,epoch,step,train_loss
20.645132064819336,0,97,
,0,97,31.4830322265625
19.2838077545166,1,195,
,1,195,21.773662567138672
