val_loss,train_loss
19.2838077545166,31.4830322265625
