val_loss,epoch,step,train_loss
20.501996994018555,0,97,
,0,97,31.370426177978516
19.326499938964844,1,195,
,1,195,21.701446533203125
