val_loss,train_loss
19.326499938964844,31.370426177978516
